date,iso_date,value
11/18/05,2005-11-18,5
12/2/05,2005-12-2,5
3/14/05,2005-3-14,4
3/25/05,2005-3-25,3
4/15/05,2005-4-15,5
1/20/06,2006-1-20,3
1/5/06,2006-1-5,5
10/12/06,2006-10-12,1
10/27/06,2006-10-27,4
11/1/06,2006-11-1,4
12/10/06,2006-12-10,5
12/12/06,2006-12-12,4
12/16/06,2006-12-16,5
3/20/06,2006-3-20,5
4/20/06,2006-4-20,4
6/13/06,2006-6-13,5
9/10/06,2006-9-10,3
9/15/06,2006-9-15,5
1/3/07,2007-1-3,3
1/30/07,2007-1-30,3
1/30/07,2007-1-30,3
1/8/07,2007-1-8,5
10/1/07,2007-10-1,4
10/2/07,2007-10-2,5
10/23/07,2007-10-23,5
10/24/07,2007-10-24,5
10/26/07,2007-10-26,4
10/4/07,2007-10-4,4
10/7/07,2007-10-7,1
11/10/07,2007-11-10,4
11/19/07,2007-11-19,3
11/4/07,2007-11-4,4
11/5/07,2007-11-5,4
12/18/07,2007-12-18,3
12/21/07,2007-12-21,2
12/26/07,2007-12-26,5
2/10/07,2007-2-10,4
2/6/07,2007-2-6,1
2/6/07,2007-2-6,5
3/12/07,2007-3-12,4
3/15/07,2007-3-15,4
3/15/07,2007-3-15,4
3/17/07,2007-3-17,4
4/1/07,2007-4-1,2
4/11/07,2007-4-11,3
4/16/07,2007-4-16,4
4/19/07,2007-4-19,4
5/26/07,2007-5-26,5
5/29/07,2007-5-29,4
7/27/07,2007-7-27,4
7/7/07,2007-7-7,4
8/15/07,2007-8-15,5
8/26/07,2007-8-26,3
8/26/07,2007-8-26,3
8/29/07,2007-8-29,4
8/5/07,2007-8-5,5
8/8/07,2007-8-8,5
9/5/07,2007-9-5,5
1/14/08,2008-1-14,2
1/14/08,2008-1-14,5
1/14/08,2008-1-14,5
1/15/08,2008-1-15,4
1/20/08,2008-1-20,5
1/31/08,2008-1-31,5
1/6/08,2008-1-6,4
10/1/08,2008-10-1,4
10/11/08,2008-10-11,4
10/12/08,2008-10-12,5
10/15/08,2008-10-15,1
10/15/08,2008-10-15,3
10/16/08,2008-10-16,3
10/18/08,2008-10-18,4
10/26/08,2008-10-26,3
10/27/08,2008-10-27,1
10/28/08,2008-10-28,4
10/30/08,2008-10-30,3
10/31/08,2008-10-31,3
10/4/08,2008-10-4,2
10/6/08,2008-10-6,5
10/6/08,2008-10-6,5
10/7/08,2008-10-7,4
10/8/08,2008-10-8,3
11/14/08,2008-11-14,2
11/17/08,2008-11-17,2
11/17/08,2008-11-17,4
11/18/08,2008-11-18,3
11/24/08,2008-11-24,3
11/25/08,2008-11-25,3
11/30/08,2008-11-30,2
11/9/08,2008-11-9,4
12/15/08,2008-12-15,3
12/17/08,2008-12-17,4
12/31/08,2008-12-31,3
12/7/08,2008-12-7,5
12/9/08,2008-12-9,5
2/11/08,2008-2-11,3
2/20/08,2008-2-20,4
2/23/08,2008-2-23,5
2/24/08,2008-2-24,4
2/29/08,2008-2-29,4
3/16/08,2008-3-16,4
3/19/08,2008-3-19,4
3/23/08,2008-3-23,5
3/24/08,2008-3-24,3
3/25/08,2008-3-25,5
3/25/08,2008-3-25,4
3/30/08,2008-3-30,3
3/8/08,2008-3-8,5
4/14/08,2008-4-14,4
4/24/08,2008-4-24,4
4/28/08,2008-4-28,4
4/5/08,2008-4-5,4
4/6/08,2008-4-6,3
5/11/08,2008-5-11,5
5/23/08,2008-5-23,5
6/19/08,2008-6-19,2
6/19/08,2008-6-19,3
6/20/08,2008-6-20,4
6/23/08,2008-6-23,5
6/28/08,2008-6-28,5
6/29/08,2008-6-29,4
6/29/08,2008-6-29,5
6/30/08,2008-6-30,3
6/7/08,2008-6-7,1
7/12/08,2008-7-12,5
7/12/08,2008-7-12,3
7/16/08,2008-7-16,4
7/17/08,2008-7-17,1
7/26/08,2008-7-26,4
7/27/08,2008-7-27,5
7/29/08,2008-7-29,5
7/8/08,2008-7-8,5
7/9/08,2008-7-9,1
8/16/08,2008-8-16,3
8/21/08,2008-8-21,4
8/22/08,2008-8-22,3
8/28/08,2008-8-28,4
8/29/08,2008-8-29,5
8/31/08,2008-8-31,5
8/5/08,2008-8-5,4
8/9/08,2008-8-9,1
9/12/08,2008-9-12,3
9/12/08,2008-9-12,3
9/16/08,2008-9-16,5
9/23/08,2008-9-23,5
9/25/08,2008-9-25,4
9/27/08,2008-9-27,3
9/30/08,2008-9-30,1
9/5/08,2008-9-5,5
9/7/08,2008-9-7,5
9/7/08,2008-9-7,5
9/8/08,2008-9-8,4
1/16/09,2009-1-16,5
1/25/09,2009-1-25,4
1/26/09,2009-1-26,5
1/3/09,2009-1-3,4
1/6/09,2009-1-6,4
1/7/09,2009-1-7,4
1/8/09,2009-1-8,5
1/8/09,2009-1-8,4
10/11/09,2009-10-11,5
10/12/09,2009-10-12,4
10/15/09,2009-10-15,5
10/16/09,2009-10-16,4
10/20/09,2009-10-20,5
10/21/09,2009-10-21,5
10/22/09,2009-10-22,4
10/25/09,2009-10-25,4
10/26/09,2009-10-26,3
10/27/09,2009-10-27,3
10/4/09,2009-10-4,5
10/5/09,2009-10-5,5
10/6/09,2009-10-6,3
10/8/09,2009-10-8,4
11/11/09,2009-11-11,5
11/16/09,2009-11-16,4
11/18/09,2009-11-18,4
11/18/09,2009-11-18,4
11/3/09,2009-11-3,4
11/30/09,2009-11-30,4
12/15/09,2009-12-15,3
12/16/09,2009-12-16,4
12/18/09,2009-12-18,4
12/19/09,2009-12-19,4
12/30/09,2009-12-30,5
12/7/09,2009-12-7,4
12/8/09,2009-12-8,3
2/11/09,2009-2-11,2
2/11/09,2009-2-11,5
2/17/09,2009-2-17,5
2/20/09,2009-2-20,3
2/21/09,2009-2-21,5
2/25/09,2009-2-25,3
2/3/09,2009-2-3,2
2/4/09,2009-2-4,4
2/5/09,2009-2-5,5
2/8/09,2009-2-8,5
2/9/09,2009-2-9,5
3/14/09,2009-3-14,5
3/14/09,2009-3-14,4
3/18/09,2009-3-18,3
3/19/09,2009-3-19,3
3/27/09,2009-3-27,5
3/29/09,2009-3-29,4
3/29/09,2009-3-29,4
3/30/09,2009-3-30,5
3/30/09,2009-3-30,4
3/6/09,2009-3-6,4
4/11/09,2009-4-11,4
4/16/09,2009-4-16,2
4/22/09,2009-4-22,5
4/3/09,2009-4-3,3
4/5/09,2009-4-5,3
4/7/09,2009-4-7,5
4/8/09,2009-4-8,4
4/9/09,2009-4-9,5
5/14/09,2009-5-14,5
5/17/09,2009-5-17,1
5/19/09,2009-5-19,4
5/19/09,2009-5-19,4
5/20/09,2009-5-20,3
5/22/09,2009-5-22,4
5/24/09,2009-5-24,4
5/24/09,2009-5-24,2
5/25/09,2009-5-25,3
5/3/09,2009-5-3,2
5/3/09,2009-5-3,3
5/8/09,2009-5-8,5
5/8/09,2009-5-8,4
6/1/09,2009-6-1,4
6/15/09,2009-6-15,3
6/15/09,2009-6-15,4
6/17/09,2009-6-17,4
6/19/09,2009-6-19,3
6/2/09,2009-6-2,5
6/22/09,2009-6-22,4
6/23/09,2009-6-23,3
6/25/09,2009-6-25,1
6/27/09,2009-6-27,4
6/4/09,2009-6-4,4
6/9/09,2009-6-9,3
7/10/09,2009-7-10,4
7/10/09,2009-7-10,3
7/16/09,2009-7-16,3
7/16/09,2009-7-16,2
7/18/09,2009-7-18,5
7/19/09,2009-7-19,5
7/24/09,2009-7-24,4
7/25/09,2009-7-25,4
7/26/09,2009-7-26,3
7/26/09,2009-7-26,4
7/3/09,2009-7-3,4
7/4/09,2009-7-4,4
7/5/09,2009-7-5,4
7/8/09,2009-7-8,3
8/11/09,2009-8-11,5
8/11/09,2009-8-11,5
8/12/09,2009-8-12,3
8/17/09,2009-8-17,3
8/17/09,2009-8-17,5
8/17/09,2009-8-17,3
8/23/09,2009-8-23,4
8/25/09,2009-8-25,4
8/25/09,2009-8-25,5
8/7/09,2009-8-7,4
8/7/09,2009-8-7,3
9/11/09,2009-9-11,5
9/15/09,2009-9-15,4
9/16/09,2009-9-16,4
9/19/09,2009-9-19,3
9/23/09,2009-9-23,5
9/23/09,2009-9-23,4
9/23/09,2009-9-23,3
9/25/09,2009-9-25,5
9/4/09,2009-9-4,2
9/4/09,2009-9-4,5
9/9/09,2009-9-9,5
1/14/10,2010-1-14,4
1/18/10,2010-1-18,3
1/22/10,2010-1-22,5
1/22/10,2010-1-22,5
1/23/10,2010-1-23,3
1/24/10,2010-1-24,5
1/25/10,2010-1-25,4
1/25/10,2010-1-25,1
1/28/10,2010-1-28,5
1/9/10,2010-1-9,3
1/9/10,2010-1-9,4
1/9/10,2010-1-9,4
10/1/10,2010-10-1,4
10/10/10,2010-10-10,3
10/10/10,2010-10-10,4
10/11/10,2010-10-11,1
10/13/10,2010-10-13,3
10/14/10,2010-10-14,5
10/14/10,2010-10-14,4
10/16/10,2010-10-16,3
10/16/10,2010-10-16,4
10/17/10,2010-10-17,4
10/18/10,2010-10-18,3
10/19/10,2010-10-19,5
10/20/10,2010-10-20,3
10/20/10,2010-10-20,5
10/22/10,2010-10-22,4
10/24/10,2010-10-24,4
10/28/10,2010-10-28,4
10/28/10,2010-10-28,5
10/28/10,2010-10-28,4
10/4/10,2010-10-4,1
10/4/10,2010-10-4,4
10/5/10,2010-10-5,1
10/9/10,2010-10-9,3
10/9/10,2010-10-9,5
11/10/10,2010-11-10,5
11/11/10,2010-11-11,3
11/13/10,2010-11-13,4
11/15/10,2010-11-15,4
11/16/10,2010-11-16,5
11/17/10,2010-11-17,3
11/2/10,2010-11-2,5
11/2/10,2010-11-2,3
11/23/10,2010-11-23,3
11/27/10,2010-11-27,4
11/27/10,2010-11-27,4
11/28/10,2010-11-28,4
11/6/10,2010-11-6,5
11/6/10,2010-11-6,5
11/9/10,2010-11-9,4
12/12/10,2010-12-12,3
12/15/10,2010-12-15,4
12/16/10,2010-12-16,4
12/2/10,2010-12-2,4
12/21/10,2010-12-21,3
12/23/10,2010-12-23,5
12/26/10,2010-12-26,4
12/31/10,2010-12-31,4
12/8/10,2010-12-8,4
12/8/10,2010-12-8,4
2/1/10,2010-2-1,4
2/12/10,2010-2-12,5
2/15/10,2010-2-15,5
2/17/10,2010-2-17,4
2/18/10,2010-2-18,5
2/19/10,2010-2-19,4
2/19/10,2010-2-19,5
2/20/10,2010-2-20,3
2/20/10,2010-2-20,3
2/22/10,2010-2-22,2
2/22/10,2010-2-22,3
2/22/10,2010-2-22,2
2/25/10,2010-2-25,4
2/26/10,2010-2-26,3
2/28/10,2010-2-28,4
2/7/10,2010-2-7,3
2/7/10,2010-2-7,5
3/1/10,2010-3-1,1
3/1/10,2010-3-1,3
3/10/10,2010-3-10,3
3/17/10,2010-3-17,5
3/19/10,2010-3-19,3
3/2/10,2010-3-2,5
3/2/10,2010-3-2,2
3/21/10,2010-3-21,5
3/27/10,2010-3-27,5
3/30/10,2010-3-30,5
3/30/10,2010-3-30,4
3/31/10,2010-3-31,4
3/4/10,2010-3-4,4
3/8/10,2010-3-8,3
3/8/10,2010-3-8,5
4/12/10,2010-4-12,5
4/20/10,2010-4-20,5
4/20/10,2010-4-20,5
4/27/10,2010-4-27,5
4/28/10,2010-4-28,4
4/4/10,2010-4-4,4
4/7/10,2010-4-7,4
4/8/10,2010-4-8,4
5/1/10,2010-5-1,4
5/11/10,2010-5-11,4
5/12/10,2010-5-12,5
5/12/10,2010-5-12,5
5/18/10,2010-5-18,5
5/18/10,2010-5-18,3
5/18/10,2010-5-18,5
5/20/10,2010-5-20,1
5/24/10,2010-5-24,2
5/26/10,2010-5-26,5
5/30/10,2010-5-30,4
5/4/10,2010-5-4,5
5/4/10,2010-5-4,5
5/6/10,2010-5-6,3
5/7/10,2010-5-7,1
5/9/10,2010-5-9,4
6/15/10,2010-6-15,4
6/15/10,2010-6-15,1
6/15/10,2010-6-15,5
6/16/10,2010-6-16,4
6/17/10,2010-6-17,4
6/17/10,2010-6-17,3
6/2/10,2010-6-2,4
6/22/10,2010-6-22,5
6/26/10,2010-6-26,3
6/27/10,2010-6-27,4
6/29/10,2010-6-29,2
6/30/10,2010-6-30,5
6/4/10,2010-6-4,3
6/5/10,2010-6-5,4
6/6/10,2010-6-6,1
7/10/10,2010-7-10,5
7/13/10,2010-7-13,2
7/13/10,2010-7-13,5
7/13/10,2010-7-13,4
7/18/10,2010-7-18,5
7/22/10,2010-7-22,2
7/24/10,2010-7-24,5
7/27/10,2010-7-27,4
7/28/10,2010-7-28,1
7/29/10,2010-7-29,4
7/31/10,2010-7-31,3
7/8/10,2010-7-8,1
7/8/10,2010-7-8,5
7/8/10,2010-7-8,5
7/9/10,2010-7-9,2
7/9/10,2010-7-9,3
8/1/10,2010-8-1,5
8/10/10,2010-8-10,4
8/12/10,2010-8-12,4
8/16/10,2010-8-16,4
8/17/10,2010-8-17,3
8/18/10,2010-8-18,5
8/18/10,2010-8-18,3
8/20/10,2010-8-20,4
8/20/10,2010-8-20,5
8/23/10,2010-8-23,3
8/24/10,2010-8-24,2
8/25/10,2010-8-25,4
8/25/10,2010-8-25,5
8/28/10,2010-8-28,5
8/3/10,2010-8-3,2
8/30/10,2010-8-30,5
8/4/10,2010-8-4,5
8/4/10,2010-8-4,5
8/6/10,2010-8-6,3
8/7/10,2010-8-7,4
8/9/10,2010-8-9,4
8/9/10,2010-8-9,5
9/13/10,2010-9-13,5
9/15/10,2010-9-15,2
9/15/10,2010-9-15,5
9/15/10,2010-9-15,5
9/16/10,2010-9-16,3
9/16/10,2010-9-16,5
9/20/10,2010-9-20,1
9/24/10,2010-9-24,5
9/24/10,2010-9-24,1
9/24/10,2010-9-24,5
9/25/10,2010-9-25,4
9/28/10,2010-9-28,2
9/28/10,2010-9-28,5
9/4/10,2010-9-4,3
9/4/10,2010-9-4,3
1/10/11,2011-1-10,2
1/13/11,2011-1-13,4
1/19/11,2011-1-19,3
1/20/11,2011-1-20,3
1/21/11,2011-1-21,3
1/27/11,2011-1-27,3
1/29/11,2011-1-29,4
1/29/11,2011-1-29,4
1/30/11,2011-1-30,5
1/31/11,2011-1-31,5
1/31/11,2011-1-31,5
1/5/11,2011-1-5,4
1/5/11,2011-1-5,4
10/10/11,2011-10-10,5
10/12/11,2011-10-12,3
10/14/11,2011-10-14,5
10/14/11,2011-10-14,5
10/18/11,2011-10-18,5
10/18/11,2011-10-18,5
10/19/11,2011-10-19,4
10/2/11,2011-10-2,2
10/2/11,2011-10-2,4
10/22/11,2011-10-22,4
10/23/11,2011-10-23,4
10/23/11,2011-10-23,5
10/27/11,2011-10-27,5
10/29/11,2011-10-29,4
10/3/11,2011-10-3,5
10/30/11,2011-10-30,4
10/31/11,2011-10-31,1
10/4/11,2011-10-4,3
10/5/11,2011-10-5,4
10/8/11,2011-10-8,4
10/9/11,2011-10-9,4
10/9/11,2011-10-9,5
11/10/11,2011-11-10,4
11/11/11,2011-11-11,5
11/12/11,2011-11-12,2
11/12/11,2011-11-12,3
11/14/11,2011-11-14,4
11/15/11,2011-11-15,4
11/15/11,2011-11-15,2
11/15/11,2011-11-15,3
11/16/11,2011-11-16,4
11/17/11,2011-11-17,5
11/22/11,2011-11-22,5
11/24/11,2011-11-24,4
11/26/11,2011-11-26,3
11/28/11,2011-11-28,2
11/3/11,2011-11-3,4
11/4/11,2011-11-4,4
11/5/11,2011-11-5,4
11/6/11,2011-11-6,2
11/6/11,2011-11-6,4
12/15/11,2011-12-15,2
12/2/11,2011-12-2,3
12/20/11,2011-12-20,2
12/20/11,2011-12-20,5
12/21/11,2011-12-21,5
12/24/11,2011-12-24,4
12/26/11,2011-12-26,4
12/26/11,2011-12-26,4
12/28/11,2011-12-28,4
12/3/11,2011-12-3,2
12/5/11,2011-12-5,4
12/5/11,2011-12-5,5
12/6/11,2011-12-6,5
12/9/11,2011-12-9,5
2/1/11,2011-2-1,3
2/11/11,2011-2-11,5
2/13/11,2011-2-13,5
2/18/11,2011-2-18,4
2/19/11,2011-2-19,5
2/2/11,2011-2-2,4
2/2/11,2011-2-2,5
2/22/11,2011-2-22,5
2/26/11,2011-2-26,4
2/4/11,2011-2-4,3
2/8/11,2011-2-8,4
3/1/11,2011-3-1,5
3/11/11,2011-3-11,3
3/11/11,2011-3-11,1
3/14/11,2011-3-14,4
3/16/11,2011-3-16,4
3/17/11,2011-3-17,2
3/17/11,2011-3-17,4
3/21/11,2011-3-21,4
3/27/11,2011-3-27,5
3/29/11,2011-3-29,4
3/31/11,2011-3-31,4
3/4/11,2011-3-4,4
3/5/11,2011-3-5,5
3/7/11,2011-3-7,4
3/9/11,2011-3-9,1
4/10/11,2011-4-10,4
4/11/11,2011-4-11,5
4/18/11,2011-4-18,1
4/19/11,2011-4-19,5
4/22/11,2011-4-22,1
4/28/11,2011-4-28,5
4/3/11,2011-4-3,2
4/3/11,2011-4-3,3
4/3/11,2011-4-3,4
4/3/11,2011-4-3,2
4/4/11,2011-4-4,4
4/5/11,2011-4-5,3
4/6/11,2011-4-6,5
4/8/11,2011-4-8,4
5/11/11,2011-5-11,4
5/14/11,2011-5-14,3
5/16/11,2011-5-16,2
5/20/11,2011-5-20,3
5/23/11,2011-5-23,3
5/24/11,2011-5-24,2
5/3/11,2011-5-3,3
5/3/11,2011-5-3,4
5/30/11,2011-5-30,5
5/4/11,2011-5-4,5
5/4/11,2011-5-4,5
5/5/11,2011-5-5,4
5/9/11,2011-5-9,4
5/9/11,2011-5-9,5
6/13/11,2011-6-13,2
6/13/11,2011-6-13,5
6/14/11,2011-6-14,4
6/15/11,2011-6-15,5
6/17/11,2011-6-17,1
6/17/11,2011-6-17,4
6/19/11,2011-6-19,4
6/19/11,2011-6-19,5
6/2/11,2011-6-2,5
6/20/11,2011-6-20,3
6/23/11,2011-6-23,4
6/25/11,2011-6-25,4
6/26/11,2011-6-26,4
6/26/11,2011-6-26,4
6/27/11,2011-6-27,4
6/27/11,2011-6-27,4
6/28/11,2011-6-28,4
6/28/11,2011-6-28,4
6/29/11,2011-6-29,4
6/29/11,2011-6-29,5
6/3/11,2011-6-3,3
6/30/11,2011-6-30,2
6/8/11,2011-6-8,4
6/8/11,2011-6-8,4
7/1/11,2011-7-1,5
7/12/11,2011-7-12,3
7/12/11,2011-7-12,4
7/14/11,2011-7-14,5
7/17/11,2011-7-17,4
7/19/11,2011-7-19,4
7/19/11,2011-7-19,4
7/19/11,2011-7-19,5
7/23/11,2011-7-23,3
7/23/11,2011-7-23,4
7/26/11,2011-7-26,4
7/26/11,2011-7-26,4
7/27/11,2011-7-27,4
7/28/11,2011-7-28,5
7/29/11,2011-7-29,4
7/4/11,2011-7-4,5
7/4/11,2011-7-4,2
7/6/11,2011-7-6,5
7/8/11,2011-7-8,3
7/9/11,2011-7-9,3
8/11/11,2011-8-11,4
8/12/11,2011-8-12,4
8/14/11,2011-8-14,3
8/16/11,2011-8-16,4
8/17/11,2011-8-17,3
8/17/11,2011-8-17,5
8/17/11,2011-8-17,3
8/18/11,2011-8-18,3
8/19/11,2011-8-19,2
8/2/11,2011-8-2,5
8/20/11,2011-8-20,5
8/20/11,2011-8-20,3
8/21/11,2011-8-21,5
8/21/11,2011-8-21,3
8/21/11,2011-8-21,4
8/22/11,2011-8-22,4
8/23/11,2011-8-23,4
8/27/11,2011-8-27,2
8/27/11,2011-8-27,4
8/29/11,2011-8-29,4
8/29/11,2011-8-29,2
8/4/11,2011-8-4,4
8/4/11,2011-8-4,1
8/5/11,2011-8-5,3
8/7/11,2011-8-7,4
9/1/11,2011-9-1,5
9/11/11,2011-9-11,2
9/12/11,2011-9-12,5
9/12/11,2011-9-12,4
9/12/11,2011-9-12,3
9/12/11,2011-9-12,2
9/17/11,2011-9-17,4
9/18/11,2011-9-18,5
9/19/11,2011-9-19,5
9/20/11,2011-9-20,2
9/21/11,2011-9-21,4
9/22/11,2011-9-22,5
9/26/11,2011-9-26,3
9/28/11,2011-9-28,4
9/4/11,2011-9-4,5
9/6/11,2011-9-6,4
9/7/11,2011-9-7,4
9/8/11,2011-9-8,4
9/9/11,2011-9-9,5
9/9/11,2011-9-9,4
1/10/12,2012-1-10,4
1/11/12,2012-1-11,2
1/12/12,2012-1-12,5
1/13/12,2012-1-13,5
1/14/12,2012-1-14,4
1/14/12,2012-1-14,4
1/16/12,2012-1-16,5
1/17/12,2012-1-17,4
1/18/12,2012-1-18,4
1/20/12,2012-1-20,4
1/20/12,2012-1-20,3
1/22/12,2012-1-22,4
1/29/12,2012-1-29,5
1/3/12,2012-1-3,2
1/3/12,2012-1-3,5
1/30/12,2012-1-30,4
1/9/12,2012-1-9,2
1/9/12,2012-1-9,4
10/1/12,2012-10-1,3
10/10/12,2012-10-10,5
10/11/12,2012-10-11,4
10/12/12,2012-10-12,4
10/13/12,2012-10-13,4
10/14/12,2012-10-14,5
10/15/12,2012-10-15,5
10/15/12,2012-10-15,5
10/17/12,2012-10-17,3
10/19/12,2012-10-19,4
10/19/12,2012-10-19,4
10/2/12,2012-10-2,4
10/2/12,2012-10-2,5
10/21/12,2012-10-21,4
10/21/12,2012-10-21,4
10/21/12,2012-10-21,4
10/21/12,2012-10-21,2
10/21/12,2012-10-21,4
10/22/12,2012-10-22,5
10/22/12,2012-10-22,4
10/22/12,2012-10-22,4
10/22/12,2012-10-22,1
10/23/12,2012-10-23,4
10/23/12,2012-10-23,4
10/24/12,2012-10-24,5
10/24/12,2012-10-24,3
10/25/12,2012-10-25,4
10/25/12,2012-10-25,5
10/25/12,2012-10-25,2
10/26/12,2012-10-26,5
10/26/12,2012-10-26,5
10/26/12,2012-10-26,5
10/28/12,2012-10-28,4
10/28/12,2012-10-28,5
10/28/12,2012-10-28,5
10/29/12,2012-10-29,4
10/29/12,2012-10-29,5
10/3/12,2012-10-3,4
10/30/12,2012-10-30,4
10/31/12,2012-10-31,5
10/31/12,2012-10-31,5
10/5/12,2012-10-5,4
10/6/12,2012-10-6,5
10/6/12,2012-10-6,4
10/6/12,2012-10-6,1
10/6/12,2012-10-6,5
10/7/12,2012-10-7,4
10/8/12,2012-10-8,4
10/8/12,2012-10-8,4
10/8/12,2012-10-8,5
10/9/12,2012-10-9,5
10/9/12,2012-10-9,5
11/11/12,2012-11-11,4
11/12/12,2012-11-12,5
11/12/12,2012-11-12,5
11/13/12,2012-11-13,4
11/13/12,2012-11-13,5
11/14/12,2012-11-14,4
11/14/12,2012-11-14,4
11/15/12,2012-11-15,1
11/16/12,2012-11-16,5
11/16/12,2012-11-16,2
11/17/12,2012-11-17,4
11/17/12,2012-11-17,4
11/17/12,2012-11-17,4
11/18/12,2012-11-18,4
11/19/12,2012-11-19,4
11/2/12,2012-11-2,3
11/2/12,2012-11-2,5
11/20/12,2012-11-20,4
11/20/12,2012-11-20,4
11/24/12,2012-11-24,4
11/24/12,2012-11-24,5
11/24/12,2012-11-24,2
11/26/12,2012-11-26,5
11/26/12,2012-11-26,5
11/26/12,2012-11-26,4
11/27/12,2012-11-27,4
11/28/12,2012-11-28,2
11/29/12,2012-11-29,5
11/30/12,2012-11-30,4
11/4/12,2012-11-4,5
11/5/12,2012-11-5,5
11/6/12,2012-11-6,4
11/6/12,2012-11-6,4
11/6/12,2012-11-6,3
11/7/12,2012-11-7,3
11/8/12,2012-11-8,5
11/8/12,2012-11-8,4
11/9/12,2012-11-9,4
12/1/12,2012-12-1,3
12/1/12,2012-12-1,5
12/10/12,2012-12-10,5
12/10/12,2012-12-10,5
12/11/12,2012-12-11,2
12/11/12,2012-12-11,4
12/14/12,2012-12-14,3
12/14/12,2012-12-14,4
12/14/12,2012-12-14,1
12/16/12,2012-12-16,2
12/16/12,2012-12-16,1
12/16/12,2012-12-16,1
12/17/12,2012-12-17,5
12/19/12,2012-12-19,5
12/19/12,2012-12-19,4
12/2/12,2012-12-2,4
12/20/12,2012-12-20,3
12/20/12,2012-12-20,4
12/20/12,2012-12-20,5
12/21/12,2012-12-21,4
12/23/12,2012-12-23,4
12/23/12,2012-12-23,5
12/24/12,2012-12-24,4
12/24/12,2012-12-24,2
12/24/12,2012-12-24,3
12/25/12,2012-12-25,4
12/27/12,2012-12-27,4
12/27/12,2012-12-27,4
12/29/12,2012-12-29,5
12/3/12,2012-12-3,5
12/3/12,2012-12-3,3
12/30/12,2012-12-30,3
12/30/12,2012-12-30,4
12/31/12,2012-12-31,1
12/4/12,2012-12-4,4
12/5/12,2012-12-5,5
12/5/12,2012-12-5,2
12/5/12,2012-12-5,5
12/5/12,2012-12-5,1
12/6/12,2012-12-6,4
12/6/12,2012-12-6,5
12/7/12,2012-12-7,4
12/7/12,2012-12-7,4
12/8/12,2012-12-8,4
12/8/12,2012-12-8,5
2/15/12,2012-2-15,5
2/18/12,2012-2-18,3
2/18/12,2012-2-18,4
2/18/12,2012-2-18,3
2/2/12,2012-2-2,5
2/2/12,2012-2-2,5
2/2/12,2012-2-2,2
2/2/12,2012-2-2,4
2/20/12,2012-2-20,4
2/20/12,2012-2-20,5
2/21/12,2012-2-21,3
2/21/12,2012-2-21,1
2/22/12,2012-2-22,4
2/26/12,2012-2-26,3
2/27/12,2012-2-27,3
2/28/12,2012-2-28,5
2/29/12,2012-2-29,4
2/29/12,2012-2-29,3
2/5/12,2012-2-5,4
2/5/12,2012-2-5,4
2/6/12,2012-2-6,3
2/8/12,2012-2-8,2
2/9/12,2012-2-9,4
3/1/12,2012-3-1,5
3/11/12,2012-3-11,5
3/11/12,2012-3-11,4
3/12/12,2012-3-12,3
3/13/12,2012-3-13,5
3/13/12,2012-3-13,4
3/13/12,2012-3-13,4
3/14/12,2012-3-14,5
3/14/12,2012-3-14,5
3/14/12,2012-3-14,4
3/15/12,2012-3-15,5
3/15/12,2012-3-15,4
3/15/12,2012-3-15,3
3/16/12,2012-3-16,4
3/16/12,2012-3-16,4
3/17/12,2012-3-17,3
3/2/12,2012-3-2,4
3/2/12,2012-3-2,5
3/2/12,2012-3-2,5
3/20/12,2012-3-20,3
3/20/12,2012-3-20,5
3/20/12,2012-3-20,5
3/21/12,2012-3-21,4
3/24/12,2012-3-24,3
3/26/12,2012-3-26,5
3/26/12,2012-3-26,3
3/26/12,2012-3-26,3
3/27/12,2012-3-27,5
3/28/12,2012-3-28,4
3/3/12,2012-3-3,2
3/3/12,2012-3-3,1
3/30/12,2012-3-30,5
3/31/12,2012-3-31,5
3/4/12,2012-3-4,3
3/5/12,2012-3-5,4
3/6/12,2012-3-6,5
3/7/12,2012-3-7,3
3/7/12,2012-3-7,5
3/7/12,2012-3-7,5
4/1/12,2012-4-1,3
4/10/12,2012-4-10,5
4/11/12,2012-4-11,3
4/11/12,2012-4-11,5
4/14/12,2012-4-14,5
4/15/12,2012-4-15,5
4/16/12,2012-4-16,5
4/17/12,2012-4-17,5
4/18/12,2012-4-18,5
4/19/12,2012-4-19,4
4/19/12,2012-4-19,4
4/19/12,2012-4-19,1
4/2/12,2012-4-2,3
4/2/12,2012-4-2,5
4/20/12,2012-4-20,4
4/21/12,2012-4-21,4
4/22/12,2012-4-22,4
4/25/12,2012-4-25,4
4/25/12,2012-4-25,5
4/26/12,2012-4-26,4
4/27/12,2012-4-27,3
4/27/12,2012-4-27,2
4/29/12,2012-4-29,2
4/29/12,2012-4-29,4
4/7/12,2012-4-7,4
5/1/12,2012-5-1,5
5/12/12,2012-5-12,5
5/12/12,2012-5-12,1
5/12/12,2012-5-12,4
5/13/12,2012-5-13,5
5/14/12,2012-5-14,3
5/15/12,2012-5-15,5
5/15/12,2012-5-15,4
5/15/12,2012-5-15,3
5/15/12,2012-5-15,4
5/17/12,2012-5-17,2
5/17/12,2012-5-17,4
5/2/12,2012-5-2,5
5/25/12,2012-5-25,1
5/26/12,2012-5-26,3
5/27/12,2012-5-27,2
5/9/12,2012-5-9,4
5/9/12,2012-5-9,3
5/9/12,2012-5-9,4
6/11/12,2012-6-11,5
6/11/12,2012-6-11,2
6/11/12,2012-6-11,3
6/12/12,2012-6-12,4
6/13/12,2012-6-13,4
6/15/12,2012-6-15,4
6/16/12,2012-6-16,5
6/18/12,2012-6-18,5
6/19/12,2012-6-19,1
6/19/12,2012-6-19,5
6/20/12,2012-6-20,4
6/21/12,2012-6-21,4
6/21/12,2012-6-21,4
6/21/12,2012-6-21,5
6/22/12,2012-6-22,4
6/24/12,2012-6-24,3
6/25/12,2012-6-25,4
6/26/12,2012-6-26,4
6/28/12,2012-6-28,5
6/29/12,2012-6-29,5
6/29/12,2012-6-29,5
6/3/12,2012-6-3,2
6/30/12,2012-6-30,3
6/30/12,2012-6-30,5
6/5/12,2012-6-5,5
6/5/12,2012-6-5,1
6/6/12,2012-6-6,1
6/8/12,2012-6-8,5
6/9/12,2012-6-9,4
7/1/12,2012-7-1,4
7/10/12,2012-7-10,5
7/10/12,2012-7-10,2
7/11/12,2012-7-11,4
7/11/12,2012-7-11,4
7/12/12,2012-7-12,3
7/13/12,2012-7-13,4
7/13/12,2012-7-13,1
7/13/12,2012-7-13,4
7/13/12,2012-7-13,5
7/13/12,2012-7-13,5
7/14/12,2012-7-14,5
7/14/12,2012-7-14,4
7/14/12,2012-7-14,1
7/15/12,2012-7-15,5
7/15/12,2012-7-15,1
7/16/12,2012-7-16,3
7/16/12,2012-7-16,4
7/16/12,2012-7-16,2
7/17/12,2012-7-17,4
7/17/12,2012-7-17,5
7/17/12,2012-7-17,5
7/18/12,2012-7-18,4
7/19/12,2012-7-19,5
7/19/12,2012-7-19,5
7/19/12,2012-7-19,5
7/2/12,2012-7-2,4
7/20/12,2012-7-20,4
7/20/12,2012-7-20,4
7/21/12,2012-7-21,4
7/22/12,2012-7-22,4
7/22/12,2012-7-22,4
7/22/12,2012-7-22,4
7/22/12,2012-7-22,4
7/22/12,2012-7-22,3
7/23/12,2012-7-23,5
7/23/12,2012-7-23,4
7/23/12,2012-7-23,5
7/23/12,2012-7-23,5
7/23/12,2012-7-23,4
7/24/12,2012-7-24,4
7/24/12,2012-7-24,4
7/24/12,2012-7-24,2
7/25/12,2012-7-25,1
7/25/12,2012-7-25,3
7/25/12,2012-7-25,3
7/25/12,2012-7-25,4
7/25/12,2012-7-25,1
7/28/12,2012-7-28,5
7/28/12,2012-7-28,4
7/3/12,2012-7-3,2
7/3/12,2012-7-3,3
7/30/12,2012-7-30,4
7/31/12,2012-7-31,2
7/31/12,2012-7-31,5
7/4/12,2012-7-4,4
7/4/12,2012-7-4,5
7/4/12,2012-7-4,3
7/4/12,2012-7-4,5
7/4/12,2012-7-4,5
7/5/12,2012-7-5,2
7/5/12,2012-7-5,4
7/5/12,2012-7-5,4
7/6/12,2012-7-6,4
7/6/12,2012-7-6,4
7/6/12,2012-7-6,3
7/7/12,2012-7-7,5
7/7/12,2012-7-7,5
7/7/12,2012-7-7,5
7/7/12,2012-7-7,4
7/7/12,2012-7-7,4
7/8/12,2012-7-8,5
7/9/12,2012-7-9,5
7/9/12,2012-7-9,5
7/9/12,2012-7-9,5
7/9/12,2012-7-9,4
7/9/12,2012-7-9,2
8/1/12,2012-8-1,4
8/1/12,2012-8-1,2
8/1/12,2012-8-1,4
8/10/12,2012-8-10,5
8/10/12,2012-8-10,5
8/10/12,2012-8-10,4
8/11/12,2012-8-11,4
8/12/12,2012-8-12,4
8/13/12,2012-8-13,5
8/13/12,2012-8-13,4
8/13/12,2012-8-13,4
8/14/12,2012-8-14,4
8/15/12,2012-8-15,1
8/15/12,2012-8-15,4
8/15/12,2012-8-15,5
8/16/12,2012-8-16,3
8/17/12,2012-8-17,3
8/17/12,2012-8-17,4
8/18/12,2012-8-18,1
8/18/12,2012-8-18,3
8/19/12,2012-8-19,4
8/19/12,2012-8-19,4
8/2/12,2012-8-2,4
8/2/12,2012-8-2,4
8/20/12,2012-8-20,5
8/20/12,2012-8-20,5
8/21/12,2012-8-21,3
8/22/12,2012-8-22,4
8/23/12,2012-8-23,2
8/23/12,2012-8-23,4
8/23/12,2012-8-23,2
8/24/12,2012-8-24,4
8/24/12,2012-8-24,5
8/25/12,2012-8-25,5
8/26/12,2012-8-26,5
8/26/12,2012-8-26,5
8/26/12,2012-8-26,5
8/27/12,2012-8-27,1
8/27/12,2012-8-27,1
8/27/12,2012-8-27,4
8/28/12,2012-8-28,4
8/29/12,2012-8-29,4
8/30/12,2012-8-30,5
8/31/12,2012-8-31,4
8/4/12,2012-8-4,4
8/5/12,2012-8-5,5
8/6/12,2012-8-6,4
8/6/12,2012-8-6,5
8/6/12,2012-8-6,3
8/7/12,2012-8-7,5
8/8/12,2012-8-8,5
8/9/12,2012-8-9,4
8/9/12,2012-8-9,4
9/1/12,2012-9-1,5
9/1/12,2012-9-1,5
9/10/12,2012-9-10,2
9/11/12,2012-9-11,4
9/11/12,2012-9-11,3
9/11/12,2012-9-11,3
9/13/12,2012-9-13,3
9/13/12,2012-9-13,3
9/15/12,2012-9-15,5
9/16/12,2012-9-16,3
9/17/12,2012-9-17,5
9/18/12,2012-9-18,4
9/18/12,2012-9-18,3
9/20/12,2012-9-20,5
9/20/12,2012-9-20,4
9/22/12,2012-9-22,4
9/23/12,2012-9-23,3
9/24/12,2012-9-24,4
9/24/12,2012-9-24,4
9/26/12,2012-9-26,2
9/27/12,2012-9-27,4
9/28/12,2012-9-28,2
9/28/12,2012-9-28,3
9/29/12,2012-9-29,3
9/29/12,2012-9-29,5
9/3/12,2012-9-3,2
9/30/12,2012-9-30,4
9/4/12,2012-9-4,5
9/5/12,2012-9-5,3
9/5/12,2012-9-5,5
9/6/12,2012-9-6,4
9/6/12,2012-9-6,4
9/8/12,2012-9-8,1
9/8/12,2012-9-8,3
9/9/12,2012-9-9,3
1/10/13,2013-1-10,4
1/12/13,2013-1-12,5
1/14/13,2013-1-14,4
1/14/13,2013-1-14,4
1/14/13,2013-1-14,3
1/14/13,2013-1-14,5
1/15/13,2013-1-15,5
1/15/13,2013-1-15,5
1/15/13,2013-1-15,5
1/16/13,2013-1-16,4
1/16/13,2013-1-16,3
1/17/13,2013-1-17,2
1/17/13,2013-1-17,5
1/17/13,2013-1-17,4
1/18/13,2013-1-18,4
1/19/13,2013-1-19,5
1/2/13,2013-1-2,3
1/20/13,2013-1-20,5
1/20/13,2013-1-20,3
1/20/13,2013-1-20,5
1/21/13,2013-1-21,4
1/21/13,2013-1-21,5
1/21/13,2013-1-21,5
1/21/13,2013-1-21,5
1/21/13,2013-1-21,3
1/22/13,2013-1-22,4
1/22/13,2013-1-22,5
1/22/13,2013-1-22,5
1/23/13,2013-1-23,5
1/23/13,2013-1-23,5
1/24/13,2013-1-24,5
1/25/13,2013-1-25,3
1/27/13,2013-1-27,5
1/28/13,2013-1-28,5
1/29/13,2013-1-29,5
1/29/13,2013-1-29,5
1/29/13,2013-1-29,3
1/3/13,2013-1-3,5
1/3/13,2013-1-3,3
1/3/13,2013-1-3,3
1/30/13,2013-1-30,1
1/31/13,2013-1-31,5
1/4/13,2013-1-4,5
1/4/13,2013-1-4,3
1/5/13,2013-1-5,3
1/5/13,2013-1-5,3
1/5/13,2013-1-5,5
1/6/13,2013-1-6,5
1/6/13,2013-1-6,4
1/6/13,2013-1-6,5
1/6/13,2013-1-6,5
1/7/13,2013-1-7,5
1/8/13,2013-1-8,4
1/9/13,2013-1-9,5
10/1/13,2013-10-1,3
10/1/13,2013-10-1,4
10/1/13,2013-10-1,4
10/10/13,2013-10-10,1
10/10/13,2013-10-10,5
10/11/13,2013-10-11,5
10/13/13,2013-10-13,5
10/15/13,2013-10-15,5
10/15/13,2013-10-15,3
10/15/13,2013-10-15,4
10/15/13,2013-10-15,1
10/16/13,2013-10-16,4
10/16/13,2013-10-16,4
10/17/13,2013-10-17,3
10/17/13,2013-10-17,1
10/18/13,2013-10-18,4
10/18/13,2013-10-18,5
10/18/13,2013-10-18,4
10/18/13,2013-10-18,3
10/19/13,2013-10-19,2
10/19/13,2013-10-19,4
10/19/13,2013-10-19,1
10/19/13,2013-10-19,5
10/2/13,2013-10-2,5
10/20/13,2013-10-20,4
10/20/13,2013-10-20,5
10/20/13,2013-10-20,5
10/21/13,2013-10-21,5
10/21/13,2013-10-21,4
10/22/13,2013-10-22,4
10/22/13,2013-10-22,5
10/22/13,2013-10-22,5
10/23/13,2013-10-23,3
10/23/13,2013-10-23,2
10/25/13,2013-10-25,4
10/27/13,2013-10-27,4
10/27/13,2013-10-27,1
10/27/13,2013-10-27,4
10/28/13,2013-10-28,4
10/29/13,2013-10-29,5
10/3/13,2013-10-3,4
10/30/13,2013-10-30,3
10/31/13,2013-10-31,4
10/31/13,2013-10-31,2
10/4/13,2013-10-4,5
10/4/13,2013-10-4,3
10/7/13,2013-10-7,4
10/8/13,2013-10-8,4
10/8/13,2013-10-8,2
10/9/13,2013-10-9,4
10/9/13,2013-10-9,4
11/1/13,2013-11-1,5
11/10/13,2013-11-10,3
11/10/13,2013-11-10,4
11/10/13,2013-11-10,4
11/10/13,2013-11-10,5
11/10/13,2013-11-10,5
11/11/13,2013-11-11,4
11/11/13,2013-11-11,1
11/11/13,2013-11-11,4
11/11/13,2013-11-11,4
11/11/13,2013-11-11,3
11/12/13,2013-11-12,4
11/13/13,2013-11-13,5
11/13/13,2013-11-13,4
11/14/13,2013-11-14,1
11/17/13,2013-11-17,5
11/17/13,2013-11-17,1
11/19/13,2013-11-19,5
11/19/13,2013-11-19,2
11/2/13,2013-11-2,1
11/2/13,2013-11-2,5
11/2/13,2013-11-2,1
11/2/13,2013-11-2,3
11/20/13,2013-11-20,3
11/21/13,2013-11-21,1
11/22/13,2013-11-22,1
11/23/13,2013-11-23,5
11/23/13,2013-11-23,5
11/23/13,2013-11-23,4
11/25/13,2013-11-25,5
11/25/13,2013-11-25,5
11/25/13,2013-11-25,4
11/27/13,2013-11-27,5
11/27/13,2013-11-27,4
11/27/13,2013-11-27,4
11/29/13,2013-11-29,4
11/3/13,2013-11-3,5
11/3/13,2013-11-3,2
11/30/13,2013-11-30,3
11/30/13,2013-11-30,5
11/4/13,2013-11-4,4
11/4/13,2013-11-4,5
11/4/13,2013-11-4,4
11/4/13,2013-11-4,1
11/5/13,2013-11-5,4
11/5/13,2013-11-5,5
11/6/13,2013-11-6,5
11/7/13,2013-11-7,4
11/8/13,2013-11-8,5
11/8/13,2013-11-8,4
12/10/13,2013-12-10,5
12/10/13,2013-12-10,3
12/11/13,2013-12-11,5
12/12/13,2013-12-12,4
12/12/13,2013-12-12,2
12/15/13,2013-12-15,5
12/16/13,2013-12-16,4
12/16/13,2013-12-16,4
12/17/13,2013-12-17,5
12/18/13,2013-12-18,3
12/19/13,2013-12-19,5
12/19/13,2013-12-19,5
12/2/13,2013-12-2,1
12/20/13,2013-12-20,2
12/20/13,2013-12-20,1
12/21/13,2013-12-21,5
12/21/13,2013-12-21,5
12/22/13,2013-12-22,2
12/22/13,2013-12-22,4
12/23/13,2013-12-23,3
12/23/13,2013-12-23,5
12/25/13,2013-12-25,5
12/25/13,2013-12-25,5
12/26/13,2013-12-26,4
12/28/13,2013-12-28,4
12/28/13,2013-12-28,4
12/28/13,2013-12-28,4
12/28/13,2013-12-28,1
12/29/13,2013-12-29,5
12/3/13,2013-12-3,3
12/3/13,2013-12-3,5
12/30/13,2013-12-30,4
12/30/13,2013-12-30,5
12/30/13,2013-12-30,2
12/31/13,2013-12-31,4
12/31/13,2013-12-31,5
12/4/13,2013-12-4,4
12/4/13,2013-12-4,5
12/7/13,2013-12-7,4
12/7/13,2013-12-7,4
12/7/13,2013-12-7,4
12/7/13,2013-12-7,2
12/7/13,2013-12-7,5
12/9/13,2013-12-9,3
12/9/13,2013-12-9,3
2/11/13,2013-2-11,4
2/14/13,2013-2-14,4
2/14/13,2013-2-14,4
2/15/13,2013-2-15,1
2/15/13,2013-2-15,4
2/15/13,2013-2-15,4
2/17/13,2013-2-17,5
2/17/13,2013-2-17,4
2/18/13,2013-2-18,4
2/18/13,2013-2-18,5
2/18/13,2013-2-18,4
2/19/13,2013-2-19,4
2/19/13,2013-2-19,4
2/19/13,2013-2-19,5
2/2/13,2013-2-2,3
2/20/13,2013-2-20,1
2/22/13,2013-2-22,1
2/22/13,2013-2-22,4
2/23/13,2013-2-23,2
2/23/13,2013-2-23,3
2/24/13,2013-2-24,4
2/25/13,2013-2-25,2
2/26/13,2013-2-26,5
2/26/13,2013-2-26,1
2/28/13,2013-2-28,4
2/4/13,2013-2-4,4
2/4/13,2013-2-4,5
2/5/13,2013-2-5,5
2/6/13,2013-2-6,5
2/7/13,2013-2-7,5
2/8/13,2013-2-8,4
2/8/13,2013-2-8,5
2/8/13,2013-2-8,2
3/10/13,2013-3-10,4
3/12/13,2013-3-12,5
3/12/13,2013-3-12,5
3/12/13,2013-3-12,4
3/13/13,2013-3-13,5
3/14/13,2013-3-14,2
3/15/13,2013-3-15,5
3/15/13,2013-3-15,2
3/16/13,2013-3-16,4
3/16/13,2013-3-16,5
3/16/13,2013-3-16,5
3/16/13,2013-3-16,1
3/17/13,2013-3-17,2
3/17/13,2013-3-17,3
3/17/13,2013-3-17,3
3/17/13,2013-3-17,4
3/18/13,2013-3-18,4
3/21/13,2013-3-21,5
3/24/13,2013-3-24,2
3/24/13,2013-3-24,5
3/25/13,2013-3-25,4
3/25/13,2013-3-25,5
3/25/13,2013-3-25,1
3/25/13,2013-3-25,4
3/25/13,2013-3-25,3
3/26/13,2013-3-26,4
3/26/13,2013-3-26,2
3/27/13,2013-3-27,4
3/27/13,2013-3-27,3
3/28/13,2013-3-28,2
3/3/13,2013-3-3,4
3/30/13,2013-3-30,5
3/31/13,2013-3-31,5
3/5/13,2013-3-5,5
3/5/13,2013-3-5,5
3/5/13,2013-3-5,5
3/6/13,2013-3-6,5
3/6/13,2013-3-6,5
3/6/13,2013-3-6,2
3/8/13,2013-3-8,3
4/1/13,2013-4-1,5
4/10/13,2013-4-10,5
4/11/13,2013-4-11,5
4/12/13,2013-4-12,5
4/13/13,2013-4-13,4
4/13/13,2013-4-13,2
4/13/13,2013-4-13,2
4/16/13,2013-4-16,5
4/16/13,2013-4-16,1
4/18/13,2013-4-18,5
4/19/13,2013-4-19,4
4/2/13,2013-4-2,5
4/2/13,2013-4-2,5
4/2/13,2013-4-2,5
4/2/13,2013-4-2,2
4/20/13,2013-4-20,2
4/21/13,2013-4-21,4
4/22/13,2013-4-22,4
4/23/13,2013-4-23,5
4/23/13,2013-4-23,5
4/24/13,2013-4-24,5
4/26/13,2013-4-26,5
4/26/13,2013-4-26,4
4/28/13,2013-4-28,3
4/29/13,2013-4-29,4
4/29/13,2013-4-29,4
4/3/13,2013-4-3,5
4/30/13,2013-4-30,3
4/30/13,2013-4-30,4
4/4/13,2013-4-4,4
4/4/13,2013-4-4,5
4/5/13,2013-4-5,5
4/5/13,2013-4-5,4
4/6/13,2013-4-6,4
4/7/13,2013-4-7,3
4/7/13,2013-4-7,5
4/7/13,2013-4-7,5
4/8/13,2013-4-8,4
5/1/13,2013-5-1,3
5/10/13,2013-5-10,4
5/10/13,2013-5-10,5
5/11/13,2013-5-11,5
5/12/13,2013-5-12,3
5/12/13,2013-5-12,3
5/13/13,2013-5-13,4
5/14/13,2013-5-14,3
5/14/13,2013-5-14,4
5/14/13,2013-5-14,1
5/15/13,2013-5-15,5
5/15/13,2013-5-15,5
5/15/13,2013-5-15,5
5/16/13,2013-5-16,5
5/17/13,2013-5-17,5
5/17/13,2013-5-17,4
5/18/13,2013-5-18,4
5/18/13,2013-5-18,3
5/18/13,2013-5-18,4
5/19/13,2013-5-19,3
5/2/13,2013-5-2,5
5/21/13,2013-5-21,4
5/22/13,2013-5-22,4
5/23/13,2013-5-23,5
5/24/13,2013-5-24,5
5/24/13,2013-5-24,3
5/26/13,2013-5-26,4
5/27/13,2013-5-27,1
5/27/13,2013-5-27,5
5/27/13,2013-5-27,4
5/27/13,2013-5-27,5
5/3/13,2013-5-3,4
5/3/13,2013-5-3,5
5/30/13,2013-5-30,5
5/4/13,2013-5-4,3
5/4/13,2013-5-4,4
5/6/13,2013-5-6,4
5/8/13,2013-5-8,5
6/1/13,2013-6-1,4
6/1/13,2013-6-1,2
6/1/13,2013-6-1,5
6/1/13,2013-6-1,2
6/10/13,2013-6-10,1
6/12/13,2013-6-12,4
6/15/13,2013-6-15,3
6/15/13,2013-6-15,4
6/16/13,2013-6-16,2
6/16/13,2013-6-16,5
6/17/13,2013-6-17,4
6/18/13,2013-6-18,5
6/20/13,2013-6-20,3
6/22/13,2013-6-22,2
6/22/13,2013-6-22,5
6/23/13,2013-6-23,4
6/23/13,2013-6-23,4
6/24/13,2013-6-24,3
6/25/13,2013-6-25,4
6/26/13,2013-6-26,5
6/26/13,2013-6-26,3
6/27/13,2013-6-27,4
6/28/13,2013-6-28,4
6/28/13,2013-6-28,4
6/29/13,2013-6-29,3
6/29/13,2013-6-29,4
6/3/13,2013-6-3,5
6/30/13,2013-6-30,5
6/30/13,2013-6-30,5
6/5/13,2013-6-5,3
6/7/13,2013-6-7,3
6/7/13,2013-6-7,4
6/9/13,2013-6-9,1
7/10/13,2013-7-10,4
7/11/13,2013-7-11,5
7/13/13,2013-7-13,5
7/13/13,2013-7-13,3
7/15/13,2013-7-15,3
7/15/13,2013-7-15,3
7/17/13,2013-7-17,2
7/2/13,2013-7-2,4
7/23/13,2013-7-23,2
7/24/13,2013-7-24,5
7/24/13,2013-7-24,4
7/25/13,2013-7-25,4
7/25/13,2013-7-25,5
7/26/13,2013-7-26,5
7/28/13,2013-7-28,5
7/28/13,2013-7-28,5
7/29/13,2013-7-29,5
7/5/13,2013-7-5,5
7/6/13,2013-7-6,3
7/6/13,2013-7-6,5
7/8/13,2013-7-8,1
7/8/13,2013-7-8,2
7/8/13,2013-7-8,4
7/9/13,2013-7-9,5
7/9/13,2013-7-9,5
7/9/13,2013-7-9,3
8/1/13,2013-8-1,5
8/11/13,2013-8-11,5
8/11/13,2013-8-11,5
8/12/13,2013-8-12,3
8/12/13,2013-8-12,4
8/13/13,2013-8-13,5
8/15/13,2013-8-15,2
8/15/13,2013-8-15,5
8/15/13,2013-8-15,4
8/15/13,2013-8-15,5
8/16/13,2013-8-16,1
8/17/13,2013-8-17,5
8/17/13,2013-8-17,5
8/18/13,2013-8-18,5
8/19/13,2013-8-19,4
8/19/13,2013-8-19,2
8/20/13,2013-8-20,1
8/21/13,2013-8-21,5
8/22/13,2013-8-22,1
8/23/13,2013-8-23,4
8/24/13,2013-8-24,5
8/27/13,2013-8-27,3
8/28/13,2013-8-28,5
8/28/13,2013-8-28,4
8/28/13,2013-8-28,5
8/3/13,2013-8-3,1
8/31/13,2013-8-31,5
8/31/13,2013-8-31,5
8/4/13,2013-8-4,4
8/5/13,2013-8-5,5
8/6/13,2013-8-6,2
8/7/13,2013-8-7,4
8/7/13,2013-8-7,4
8/7/13,2013-8-7,4
8/7/13,2013-8-7,4
8/7/13,2013-8-7,5
8/9/13,2013-8-9,2
9/11/13,2013-9-11,4
9/12/13,2013-9-12,5
9/13/13,2013-9-13,5
9/13/13,2013-9-13,3
9/14/13,2013-9-14,5
9/15/13,2013-9-15,3
9/15/13,2013-9-15,5
9/17/13,2013-9-17,5
9/18/13,2013-9-18,5
9/19/13,2013-9-19,3
9/2/13,2013-9-2,1
9/20/13,2013-9-20,5
9/20/13,2013-9-20,4
9/23/13,2013-9-23,3
9/23/13,2013-9-23,4
9/25/13,2013-9-25,4
9/25/13,2013-9-25,5
9/29/13,2013-9-29,5
9/3/13,2013-9-3,4
9/4/13,2013-9-4,2
9/4/13,2013-9-4,3
9/4/13,2013-9-4,5
9/4/13,2013-9-4,5
9/5/13,2013-9-5,5
9/7/13,2013-9-7,1
9/8/13,2013-9-8,5
1/10/14,2014-1-10,4
1/11/14,2014-1-11,3
1/13/14,2014-1-13,4
1/13/14,2014-1-13,3
1/14/14,2014-1-14,3
1/15/14,2014-1-15,1
1/15/14,2014-1-15,5
1/15/14,2014-1-15,5
1/16/14,2014-1-16,3
1/17/14,2014-1-17,5
1/17/14,2014-1-17,4
1/17/14,2014-1-17,4
1/18/14,2014-1-18,4
1/18/14,2014-1-18,5
1/19/14,2014-1-19,5
1/19/14,2014-1-19,4
1/2/14,2014-1-2,4
1/21/14,2014-1-21,5
1/21/14,2014-1-21,5
1/21/14,2014-1-21,5
1/23/14,2014-1-23,4
1/24/14,2014-1-24,5
1/25/14,2014-1-25,5
1/25/14,2014-1-25,4
1/26/14,2014-1-26,2
1/26/14,2014-1-26,4
1/26/14,2014-1-26,5
1/27/14,2014-1-27,4
1/27/14,2014-1-27,4
1/27/14,2014-1-27,4
1/28/14,2014-1-28,5
1/28/14,2014-1-28,1
1/29/14,2014-1-29,5
1/30/14,2014-1-30,5
1/30/14,2014-1-30,4
1/4/14,2014-1-4,2
1/4/14,2014-1-4,4
1/5/14,2014-1-5,4
1/5/14,2014-1-5,5
1/5/14,2014-1-5,4
1/5/14,2014-1-5,5
1/6/14,2014-1-6,2
1/7/14,2014-1-7,4
1/9/14,2014-1-9,2
2/1/14,2014-2-1,4
2/1/14,2014-2-1,3
2/1/14,2014-2-1,5
2/10/14,2014-2-10,5
2/11/14,2014-2-11,4
2/12/14,2014-2-12,3
2/13/14,2014-2-13,4
2/13/14,2014-2-13,5
2/15/14,2014-2-15,2
2/15/14,2014-2-15,5
2/15/14,2014-2-15,3
2/15/14,2014-2-15,5
2/16/14,2014-2-16,3
2/16/14,2014-2-16,5
2/16/14,2014-2-16,5
2/17/14,2014-2-17,4
2/17/14,2014-2-17,5
2/19/14,2014-2-19,3
2/19/14,2014-2-19,2
2/20/14,2014-2-20,4
2/20/14,2014-2-20,5
2/20/14,2014-2-20,4
2/21/14,2014-2-21,4
2/23/14,2014-2-23,4
2/23/14,2014-2-23,2
2/23/14,2014-2-23,4
2/24/14,2014-2-24,1
2/24/14,2014-2-24,4
2/25/14,2014-2-25,4
2/26/14,2014-2-26,4
2/27/14,2014-2-27,5
2/27/14,2014-2-27,5
2/28/14,2014-2-28,1
2/3/14,2014-2-3,5
2/3/14,2014-2-3,5
2/3/14,2014-2-3,1
2/4/14,2014-2-4,3
2/5/14,2014-2-5,2
2/6/14,2014-2-6,5
2/6/14,2014-2-6,5
3/1/14,2014-3-1,4
3/10/14,2014-3-10,5
3/10/14,2014-3-10,3
3/10/14,2014-3-10,4
3/11/14,2014-3-11,4
3/11/14,2014-3-11,4
3/12/14,2014-3-12,4
3/12/14,2014-3-12,5
3/12/14,2014-3-12,5
3/12/14,2014-3-12,5
3/13/14,2014-3-13,4
3/13/14,2014-3-13,5
3/15/14,2014-3-15,5
3/15/14,2014-3-15,3
3/15/14,2014-3-15,1
3/18/14,2014-3-18,4
3/19/14,2014-3-19,5
3/2/14,2014-3-2,5
3/2/14,2014-3-2,5
3/20/14,2014-3-20,4
3/20/14,2014-3-20,3
3/20/14,2014-3-20,2
3/21/14,2014-3-21,2
3/23/14,2014-3-23,3
3/23/14,2014-3-23,3
3/23/14,2014-3-23,3
3/24/14,2014-3-24,1
3/24/14,2014-3-24,1
3/25/14,2014-3-25,3
3/25/14,2014-3-25,5
3/26/14,2014-3-26,5
3/27/14,2014-3-27,5
3/27/14,2014-3-27,4
3/28/14,2014-3-28,2
3/28/14,2014-3-28,4
3/29/14,2014-3-29,4
3/29/14,2014-3-29,3
3/29/14,2014-3-29,4
3/3/14,2014-3-3,2
3/3/14,2014-3-3,4
3/30/14,2014-3-30,4
3/30/14,2014-3-30,4
3/30/14,2014-3-30,5
3/31/14,2014-3-31,4
3/4/14,2014-3-4,2
3/5/14,2014-3-5,5
3/6/14,2014-3-6,5
3/7/14,2014-3-7,5
3/9/14,2014-3-9,3
3/9/14,2014-3-9,5
4/1/14,2014-4-1,5
4/1/14,2014-4-1,5
4/1/14,2014-4-1,3
4/10/14,2014-4-10,5
4/12/14,2014-4-12,5
4/13/14,2014-4-13,4
4/13/14,2014-4-13,5
4/13/14,2014-4-13,5
4/14/14,2014-4-14,1
4/14/14,2014-4-14,4
4/15/14,2014-4-15,4
4/15/14,2014-4-15,5
4/15/14,2014-4-15,5
4/15/14,2014-4-15,5
4/16/14,2014-4-16,3
4/17/14,2014-4-17,3
4/17/14,2014-4-17,4
4/17/14,2014-4-17,3
4/17/14,2014-4-17,5
4/18/14,2014-4-18,5
4/19/14,2014-4-19,1
4/19/14,2014-4-19,4
4/19/14,2014-4-19,5
4/20/14,2014-4-20,3
4/21/14,2014-4-21,2
4/21/14,2014-4-21,4
4/23/14,2014-4-23,3
4/23/14,2014-4-23,4
4/24/14,2014-4-24,5
4/24/14,2014-4-24,4
4/25/14,2014-4-25,3
4/26/14,2014-4-26,5
4/27/14,2014-4-27,4
4/28/14,2014-4-28,4
4/28/14,2014-4-28,4
4/28/14,2014-4-28,4
4/28/14,2014-4-28,5
4/29/14,2014-4-29,5
4/29/14,2014-4-29,4
4/30/14,2014-4-30,4
4/30/14,2014-4-30,4
4/30/14,2014-4-30,4
4/4/14,2014-4-4,4
4/4/14,2014-4-4,4
4/4/14,2014-4-4,3
4/5/14,2014-4-5,5
4/5/14,2014-4-5,2
4/5/14,2014-4-5,5
4/6/14,2014-4-6,5
4/8/14,2014-4-8,5
4/9/14,2014-4-9,4
5/1/14,2014-5-1,1
5/1/14,2014-5-1,5
5/11/14,2014-5-11,5
5/11/14,2014-5-11,4
5/12/14,2014-5-12,5
5/13/14,2014-5-13,4
5/13/14,2014-5-13,3
5/14/14,2014-5-14,3
5/15/14,2014-5-15,5
5/16/14,2014-5-16,1
5/17/14,2014-5-17,5
5/19/14,2014-5-19,2
5/19/14,2014-5-19,3
5/19/14,2014-5-19,2
5/2/14,2014-5-2,2
5/22/14,2014-5-22,3
5/23/14,2014-5-23,2
5/23/14,2014-5-23,3
5/24/14,2014-5-24,4
5/25/14,2014-5-25,4
5/26/14,2014-5-26,4
5/26/14,2014-5-26,1
5/27/14,2014-5-27,3
5/28/14,2014-5-28,5
5/29/14,2014-5-29,4
5/3/14,2014-5-3,5
5/3/14,2014-5-3,2
5/3/14,2014-5-3,4
5/30/14,2014-5-30,3
5/30/14,2014-5-30,1
5/31/14,2014-5-31,3
5/31/14,2014-5-31,5
5/4/14,2014-5-4,5
5/5/14,2014-5-5,2
5/5/14,2014-5-5,5
5/6/14,2014-5-6,4
5/6/14,2014-5-6,2
6/1/14,2014-6-1,5
6/1/14,2014-6-1,4
6/10/14,2014-6-10,5
6/10/14,2014-6-10,5
6/10/14,2014-6-10,1
6/10/14,2014-6-10,4
6/10/14,2014-6-10,4
6/12/14,2014-6-12,4
6/12/14,2014-6-12,3
6/13/14,2014-6-13,5
6/14/14,2014-6-14,5
6/14/14,2014-6-14,3
6/14/14,2014-6-14,4
6/15/14,2014-6-15,5
6/15/14,2014-6-15,5
6/15/14,2014-6-15,3
6/16/14,2014-6-16,3
6/17/14,2014-6-17,3
6/17/14,2014-6-17,4
6/17/14,2014-6-17,5
6/18/14,2014-6-18,5
6/2/14,2014-6-2,5
6/24/14,2014-6-24,5
6/25/14,2014-6-25,5
6/26/14,2014-6-26,5
6/26/14,2014-6-26,5
6/27/14,2014-6-27,4
6/27/14,2014-6-27,5
6/28/14,2014-6-28,3
6/28/14,2014-6-28,5
6/28/14,2014-6-28,5
6/29/14,2014-6-29,1
6/29/14,2014-6-29,4
6/29/14,2014-6-29,4
6/3/14,2014-6-3,4
6/3/14,2014-6-3,5
6/30/14,2014-6-30,1
6/30/14,2014-6-30,4
6/30/14,2014-6-30,5
6/30/14,2014-6-30,4
6/30/14,2014-6-30,5
6/30/14,2014-6-30,4
6/30/14,2014-6-30,3
6/30/14,2014-6-30,5
6/5/14,2014-6-5,4
6/6/14,2014-6-6,5
6/6/14,2014-6-6,4
6/6/14,2014-6-6,3
6/8/14,2014-6-8,4
6/9/14,2014-6-9,2
6/9/14,2014-6-9,5
7/1/14,2014-7-1,3
7/10/14,2014-7-10,4
7/12/14,2014-7-12,5
7/12/14,2014-7-12,4
7/12/14,2014-7-12,5
7/12/14,2014-7-12,3
7/12/14,2014-7-12,4
7/14/14,2014-7-14,4
7/14/14,2014-7-14,3
7/15/14,2014-7-15,4
7/16/14,2014-7-16,5
7/2/14,2014-7-2,3
7/5/14,2014-7-5,3
7/5/14,2014-7-5,3
7/5/14,2014-7-5,1
7/6/14,2014-7-6,4
7/9/14,2014-7-9,5
7/9/14,2014-7-9,2
7/9/14,2014-7-9,4
